ID,LABEL,TRACK_ID,TRACK_NAME,TRACK_VISIBLE,QUALITY,POSITION_X,POSITION_Y,POSITION_Z,POSITION_T,FRAME,RADIUS,VISIBILITY,MANUAL_SPOT_COLOR,MEAN_INTENSITY_CH1,MEDIAN_INTENSITY_CH1,MIN_INTENSITY_CH1,MAX_INTENSITY_CH1,TOTAL_INTENSITY_CH1,STD_INTENSITY_CH1,MEAN_INTENSITY_CH2,MEDIAN_INTENSITY_CH2,MIN_INTENSITY_CH2,MAX_INTENSITY_CH2,TOTAL_INTENSITY_CH2,STD_INTENSITY_CH2,CONTRAST_CH1,SNR_CH1,CONTRAST_CH2,SNR_CH2,ELLIPSE_X0,ELLIPSE_Y0,ELLIPSE_MAJOR,ELLIPSE_MINOR,ELLIPSE_THETA,ELLIPSE_ASPECTRATIO,AREA,PERIMETER,CIRCULARITY,SOLIDITY,SHAPE_INDEX
ID,Label,Track ID,Track name,Track visibility,Quality,X,Y,Z,T,Frame,Radius,Visibility,Manual spot color,Mean intensity ch1,Median intensity ch1,Min intensity ch1,Max intensity ch1,Sum intensity ch1,Std intensity ch1,Mean intensity ch2,Median intensity ch2,Min intensity ch2,Max intensity ch2,Sum intensity ch2,Std intensity ch2,Contrast ch1,Signal/Noise ratio ch1,Contrast ch2,Signal/Noise ratio ch2,Ellipse center x0,Ellipse center y0,Ellipse long axis,Ellipse short axis,Ellipse angle,Ellipse aspect ratio,Area,Perimeter,Circularity,Solidity,Shape index
ID,Label,Track ID,Track name,Track visibility,Quality,X,Y,Z,T,Frame,R,Visibility,Spot color,Mean ch1,Median ch1,Min ch1,Max ch1,Sum ch1,Std ch1,Mean ch2,Median ch2,Min ch2,Max ch2,Sum ch2,Std ch2,Ctrst ch1,SNR ch1,Ctrst ch2,SNR ch2,El. x0,El. y0,El. long axis,El. sh. axis,El. angle,El. a.r.,Area,Perim.,Circ.,Solidity,Shape index
,,,,,(quality),(pixels),(pixels),(pixels),(frames),,(pixels),,,(counts),(counts),(counts),(counts),(counts),(counts),(counts),(counts),(counts),(counts),(counts),(counts),,,,,(pixels),(pixels),(pixels),(pixels),(radians),,(pixels^2),(pixels),,,
2721,ID2721,0,Track_0,0,3521.0,371.09911831626846,269.3558494501327,0.0,0.0,0,33.454111254406506,1,ø,5690.262603246938,5680.0,3808.0,8048.0,1.9978512E7,571.9537232191237,15057.253204215323,12800.0,5488.0,44080.0,5.2866016E7,7709.874277428981,0.008129178999573177,0.1604471159883806,0.563423728736441,1.4076247274257756,-0.18562315200094204,0.259072344343312,53.07176066468349,22.12780248546927,1.4934287499632948,2.3984198475892162,3516.0000000000005,268.33350328518816,0.6136333135434643,0.8951120162932791,4.525332217589248
2643,ID2643,0,Track_0,0,2696.0,373.40561839421474,267.5100747883058,0.0,1.0,1,29.29714334358542,1,ø,5757.666790352505,5760.0,3952.0,7760.0,1.5516912E7,555.2942332809897,17067.297959183674,14880.0,6032.0,48768.0,4.5996368E7,7634.93298546578,0.01011991241850163,0.20775772523597044,0.5053594406380695,1.5008929211605802,1.0283401136131636,0.004194072815308049,49.249577739530935,18.261637507395065,1.6486132517123318,2.6968872709025837,2696.5,261.380038341715,0.4959814729043425,0.8404238740844632,5.033524710933864
2740,ID2740,1,Track_1,1,104.0,61.06891025641026,422.04967948717945,0.0,0.0,0,5.753627391751594,1,ø,5709.867924528302,5694.0,4538.0,6819.0,605246.0,430.499954658959,4877.132075471698,4811.0,3311.0,6060.0,516976.0,573.4884575659441,0.008368626804414808,0.22014956126135912,0.13399815301214527,2.009815984635662,-0.04877839599345773,-0.030202299060050647,6.267755571234995,5.53298135104113,-0.5530500803115986,1.1327989692312272,104.00000000000003,38.373825194236886,0.8875095145192935,0.9674418604651167,3.7628631437810056
2644,ID2644,1,Track_1,1,58.0,62.33183183183183,408.9144144144144,0.0,1.0,1,4.2031177336829835,1,ø,5616.1578947368425,5610.0,4771.0,6745.0,320121.0,389.9421564005946,4949.526315789473,4909.0,3623.0,6198.0,282123.0,534.6461481759674,0.0066114970008940175,0.18919385860942448,0.07802372199583472,1.340063990311261,-0.05879089731258328,0.010125989571503154,5.940701112353005,3.1459695273241794,1.3683715507288938,1.8883530373563087,55.5,30.015339721864635,0.7741343184775326,0.9487179487179488,4.028995400727096
2699,ID2699,2,Track_2,1,1077.0,506.2412727834415,65.05977757182576,0.0,3.0,3,18.532575838029377,1,ø,5910.617592592593,5911.0,4300.0,7466.0,6383467.0,358.3293940615377,7975.775925925926,7432.0,4568.0,13535.0,8613838.0,2105.604038904435,0.007393827351919692,0.24213102616252194,0.32938478717087066,1.8770639437662981,-0.6252799842559996,6.041798174281002,45.727616686534404,9.74058120253384,1.6911567249876145,4.694547043521302,1079.0000000000002,229.79481575426203,0.25677388700334847,0.7011046133853153,6.995673053488302
2681,ID2681,2,Track_2,1,315.0,511.89021796916535,56.73976608187135,0.0,4.0,4,9.989501955483986,1,ø,5963.476190476191,5955.0,4932.0,7039.0,1878495.0,380.2466203212017,6602.0317460317465,6569.0,4797.0,8077.0,2079640.0,570.3944653682553,0.003642334378628309,0.11383215657523474,0.14110023549401055,2.86243902847111,-0.38912766187809417,0.06365365715640085,13.483959675466066,7.7337977098772015,0.13439889724891851,1.7435107797356864,313.5,72.46564215293192,0.7502104668533306,0.9500000000000002,4.092732615697512
2717,ID2717,3,Track_3,0,418.0,110.75228446563369,275.82101708383,0.0,3.0,3,11.555561312809525,1,ø,5750.395238095238,5754.0,4367.0,6892.0,2415166.0,401.07430432606293,11185.1,11479.0,7252.0,14767.0,4697742.0,1630.4787734125575,0.003196910104598128,0.09137914517673695,0.3471213725819201,3.535325010216751,0.7370713354946422,0.12199253719537005,14.125716825486558,10.481845564701619,0.28125313520350864,1.3476364193969754,419.5,82.39035680488604,0.77658511470951,0.9501698754246884,4.022632898202158
2689,ID2689,3,Track_3,0,178.0,108.42045454545455,273.80587121212125,0.0,4.0,4,7.484820637019109,1,ø,5864.954545454545,5911.0,4914.0,6542.0,1032232.0,371.88861340355766,11366.789772727272,11212.0,7588.0,15838.0,2000555.0,1963.8296016007544,-2.49933293727222E-4,-0.007885231275822115,0.24706930600847912,2.293465580114887,-3.2953205706694096E-4,-0.08225480637266844,10.96098567166331,5.306433458839202,1.9561591823422178,2.0656031507198165,175.99999999999994,55.62592102434651,0.7147729392732627,0.9287598944591028,4.192961560356802
2668,ID2668,3,Track_3,0,268.0,108.6156462585034,271.4443413729128,0.0,5.0,5,9.261992999702148,1,ø,5958.232209737827,5954.0,4984.0,7021.0,1590848.0,335.0202418023113,9565.097378277154,9377.0,5775.0,13774.0,2553881.0,2025.426368803425,0.006659183276981127,0.23529618242557132,0.32925978714148413,2.3395469129542095,0.41838787629938506,-0.06852253983044883,14.324000798584075,6.5313678742424015,2.440502224690862,2.193108866991445,269.5,70.45405470539723,0.6822705869274649,0.9373913043478261,4.291672838099444
2669,ID2669,4,Track_4,1,3390.0,362.08269532783663,341.5343050647821,0.0,5.0,5,32.87826597435079,1,ø,5886.561305498383,5888.0,4314.0,7392.0,2.0020195E7,407.03188972761905,19941.203175536608,17376.0,8302.0,56905.0,6.7820032E7,9152.903373192663,0.010813316259323523,0.3094219945240766,0.5700388150159581,1.582036560877777,-0.13366496196824457,-0.04753694953158692,47.678156844152106,23.205852399749933,1.4641432214311554,2.0545746832667904,3395.9999999999995,240.54338736252404,0.7375486979594436,0.9664200341491177,4.127713841329152
2654,ID2654,4,Track_4,1,1700.0,374.81356429829714,343.38246232139363,0.0,6.0,6,23.282648822051915,1,ø,5988.986478542034,5976.0,4610.0,7410.0,1.0187266E7,379.53708079635066,25546.971193415637,22116.0,12731.0,56924.0,4.3455398E7,9668.18110290562,0.012632484882980865,0.39370057334051245,0.398798719546353,1.5066874337599243,-0.02720026615254161,0.01954992181460075,26.803899756620268,20.23389227496397,1.042481221360999,1.3247030967830926,1702.9999999999993,158.11090124674104,0.8560534533999485,0.9723094490436764,3.831373492360978
2695,ID2695,4,Track_4,1,3616.0,386.3368980267697,334.6412538521687,0.0,7.0,7,33.96168241690869,1,ø,5974.718309859155,5966.0,4689.0,7735.0,2.1634455E7,416.4219023289267,19677.24192212096,15636.0,8791.0,59251.0,7.1251293E7,9944.318269788519,0.01149224227663716,0.32602888830276433,0.5372206339859581,1.3830430064350667,0.18265629726277038,0.6612089962637088,48.254701923789305,23.99456704432114,1.0628541468715846,2.011067831924472,3623.4999999999977,245.29397805391693,0.7567707831342544,0.9776069067853764,4.074954403793309
2674,ID2674,5,Track_5,0,222.0,142.8904109589041,340.0981735159817,0.0,5.0,5,8.349243383340204,1,ø,5877.427272727273,5888.0,4996.0,6677.0,1293034.0,333.95278858878635,13327.386363636364,13022.0,5751.0,21497.0,2932025.0,4297.263309952549,0.011622629737009537,0.4044064299057768,0.51115147847779,2.0980925389248637,-0.02573452531568109,-0.15379479877884353,9.662719064057061,7.6469423716217575,2.9802840187470965,1.2636055817441447,219.0,54.59351246033273,0.9233618026205851,0.9931972789115646,3.689087698756491
2658,ID2658,5,Track_5,0,325.0,139.60940695296523,337.23312883435585,0.0,6.0,6,10.186708148166204,1,ø,5795.318042813456,5794.0,5011.0,6777.0,1895069.0,313.09998071701,6750.327217125382,6799.0,4446.0,9290.0,2207357.0,1051.46468976733,-0.0034787683706868763,-0.1292299529415444,0.2470414767305688,2.543601688624471,0.2970802623218031,-0.05155318417205523,15.694665081766777,6.875705843928381,0.10959794892242164,2.282626022406996,325.99999999999994,75.61494271193489,0.7164934246392445,0.9659259259259257,4.1879243439710985
2673,ID2673,6,Track_6,1,455.0,386.7585703865791,15.49124726477024,0.0,7.0,7,12.060995729457511,1,ø,6184.519650655022,6179.0,4787.0,7742.0,2832510.0,368.2270322985724,8095.628820960698,8140.0,4593.0,11734.0,3707798.0,1481.0456866078146,0.010345797431108989,0.34396498391100166,0.2801551277154931,2.3924788298414987,-0.046672663961367114,0.07051322303325681,15.656673283876462,9.543835028453222,-0.7600908194754303,1.6405012489422666,457.0,82.27942264429026,0.8482885263429466,0.9785867237687366,3.8488690517362385
2719,ID2719,6,Track_6,1,768.0,375.46286701208976,18.859671848013818,0.0,8.0,8,15.67594437773643,1,ø,6154.5577172503245,6145.0,5127.0,7350.0,4745164.0,386.9999902372264,7673.133592736705,7679.0,5614.0,10254.0,5915986.0,839.962612989835,0.002613210359345146,0.08290044065868298,0.22022499020372488,3.297383675553343,0.0151040847410539,-0.021876463473086926,17.408971579865817,14.23882501393458,0.8426694886006652,1.2226410228954163,772.0,105.43758482055624,0.8726423096904369,0.9710691823899367,3.7947817137368927
2690,ID2690,7,Track_7,1,247.0,239.6642905634759,92.21826205023761,0.0,7.0,7,8.839970421789916,1,ø,6074.582995951417,6051.0,5013.0,7105.0,1500422.0,445.84560221056347,7012.48987854251,6996.0,4773.0,9111.0,1732085.0,800.3303071275608,0.001140345029534941,0.03103868326541291,0.2074339538614864,3.010574931323694,0.014982190755533233,-0.055349989196994985,10.798384920111568,7.592398333619663,1.574313378802452,1.422262695609051,245.49999999999994,60.38954209255357,0.8459367401828713,0.9839679358717432,3.8542154530126553
2732,ID2732,7,Track_7,1,338.0,226.06612184249627,98.35636453689945,0.0,8.0,8,10.349457797432944,1,ø,6055.794642857143,6046.0,5008.0,7204.0,2034747.0,384.359676198783,6724.190476190476,6688.0,5150.0,8773.0,2259328.0,692.7320771948548,-1.98069832058463E-6,-6.241407088002036E-5,0.186205795979946,3.0474589053043677,0.17137377398923404,-0.07811472543264565,17.686730185220288,6.123467012557088,2.9853308923176427,2.888352325398503,336.5,82.05697393986405,0.6280062098701918,0.9373259052924791,4.473247860946307
2727,ID2727,ø,ø,0,183.0,51.13003663003663,227.2518315018315,0.0,0.0,0,7.611333607551958,1,ø,5653.538461538462,5712.0,4144.0,6752.0,1028944.0,487.347365144865,5195.780219780219,5200.0,3104.0,8272.0,945632.0,834.8758971155427,-0.0018607781635674929,-0.043252897271940115,0.17700191254874167,1.8718008289015615,-0.03261490238641256,0.019645001387977645,8.441978537670918,7.017843993574517,-0.01348091935716653,1.2029304933823448,182.0,51.03072615270786,0.8782491850698462,0.9604221635883905,3.782649088941448
2729,ID2729,ø,ø,0,593.0,130.78487394957983,264.99411764705883,0.0,0.0,0,13.762063154896342,1,ø,5709.4496644295305,5680.0,4160.0,7200.0,3402832.0,568.5674930038888,8654.308724832215,8336.0,4624.0,14720.0,5157968.0,2307.2039665327056,0.009386169541393905,0.18675544075250808,0.41598799236146067,2.2039290730013317,-0.05004903149504744,0.10436782234609679,15.898211012970975,12.093850853848632,-0.4313874488286108,1.3145697929548783,595.0,90.7849894191791,0.9071910044077596,0.9794238683127572,3.721821706258542
2731,ID2731,ø,ø,0,241.0,142.30112044817926,332.20588235294116,0.0,0.0,0,8.703892974511014,1,ø,5637.198312236287,5664.0,3888.0,7008.0,1336016.0,587.4215839456996,8916.320675105486,8464.0,3936.0,14080.0,2113168.0,2212.566811811961,0.010642501415439327,0.20211082157193724,0.3502177341405535,2.0905165372391377,0.23603424239998486,0.1385882860591641,9.07743434166966,8.818738027285246,0.504707426495617,1.0293348451426956,238.0,56.22639922147083,0.9460329812395414,0.9916666666666667,3.644616133728791
2733,ID2733,ø,ø,0,496.0,22.10225763612218,341.1085657370518,0.0,0.0,0,12.64086875433263,1,ø,5549.111111111111,5536.0,3808.0,7232.0,2796752.0,557.5086048561258,5736.984126984127,5616.0,3168.0,8720.0,2891440.0,1050.1177439170785,0.0022634168730952704,0.04495567388123038,0.17834395360697422,1.6537199265147342,-0.10708701662288193,0.11614493038132445,17.761518675773306,9.176727915426891,0.4353142868614017,1.935495836801985,502.0000000000001,94.77601876501356,0.7022902810686645,0.9453860640301323,4.230060733683359
2702,ID2702,ø,ø,0,288.0,549.8822843822844,40.72027972027972,0.0,0.0,0,9.541311620975605,1,ø,5872.606896551724,5856.0,4208.0,8000.0,1703056.0,549.6314121532989,8977.213793103449,8720.0,4848.0,13664.0,2603392.0,1894.2645072266187,0.014207465068622306,0.29934993990244163,0.3275700170451021,2.3387168769945728,-7.089139049771515E-4,0.08369388987272162,11.157919081800781,8.34738813489608,-0.061812439749300556,1.3366958504247974,286.00000000000006,63.10836667419283,0.9024060882797719,0.977777777777778,3.7316759505074537
2704,ID2704,ø,ø,0,312.0,204.51430842607314,57.18203497615262,0.0,0.0,0,10.005421490612086,1,ø,5850.817610062893,5840.0,4208.0,7392.0,1860560.0,583.8232399123718,9082.314465408805,9168.0,5456.0,13280.0,2888176.0,1203.6459761139604,0.006281319381474266,0.12511133047076467,0.24530311098899255,2.9727319115038475,-0.0023447459416019324,-0.029137280865955226,14.60013173820768,7.069874106071991,0.9557226490250137,2.0651190557506953,314.50000000000006,73.88496674052767,0.7239662980769013,0.9501510574018128,4.166254130812037
2736,ID2736,ø,ø,0,802.0,485.04450698353133,350.0236606212216,0.0,0.0,0,15.95270365812456,1,ø,5550.3420724094885,5552.0,3856.0,7408.0,4445824.0,570.6149383254875,8853.2734082397,8560.0,5008.0,14944.0,7091472.0,1862.7502238369234,0.004863311448426307,0.09415246644431527,0.2960502602634834,2.171315093985881,0.11255704408864746,-0.019384617385470385,20.139860340248447,12.869837625067376,1.5055913492515585,1.5648884567914672,799.5000000000002,111.25833595777557,0.8116395696137728,0.9720364741641342,3.934806010031108
2705,ID2705,ø,ø,0,122.0,7.385714285714286,57.32721088435374,0.0,0.0,0,6.244434406534699,1,ø,5814.113821138211,5728.0,4368.0,7264.0,715136.0,598.144524495928,7300.032520325203,7216.0,4464.0,10384.0,897904.0,1218.1819827907711,0.004428823427938975,0.08571890067333629,0.21656907100940317,2.1335473274802372,0.03563623919533412,0.007327336238866722,6.679269686336392,6.129740509222106,0.6967419956344234,1.0896496640090272,122.5,41.30275738237141,0.9023766735350183,0.9760956175298805,3.7317367706750777
2737,ID2737,ø,ø,0,448.0,155.69388516032814,352.79194630872485,0.0,0.0,0,11.92830747106036,1,ø,5565.591011235955,5552.0,3904.0,7184.0,2476688.0,593.0494289216069,5711.748314606742,5648.0,3616.0,8272.0,2541728.0,917.2345085740064,0.004764845503732301,0.08900917679453593,0.13065500384912965,1.4391783272018022,0.0199634622888064,-0.11573778499135814,15.181195480975806,9.658658385961642,1.4796703022210673,1.5717706201350783,447.0,80.23107158521695,0.8726341434917649,0.9834983498349835,3.794799469671108
2706,ID2706,ø,ø,0,301.0,65.47300275482094,68.61570247933884,0.0,0.0,0,9.81268263884024,1,ø,5808.422442244225,5840.0,4288.0,7280.0,1759952.0,552.4239000283137,5547.458745874587,5584.0,3392.0,8304.0,1680880.0,884.2846160783639,0.004540174058984311,0.09504317236406391,0.21062451161688675,2.1828880109595614,-0.11632360799551451,-0.008749157278753477,10.96136471510932,9.101882951161569,-1.0082079847007857,1.2042963828391626,302.49999999999994,64.04520478211546,0.9267487432266921,0.9853420195439737,3.682340369516233
2738,ID2738,ø,ø,0,1227.0,144.799864498645,402.9890243902439,0.0,0.0,0,19.786893642157743,1,ø,5615.870024370431,5613.0,4069.0,7312.0,6913136.0,480.1943773131565,6836.0194963444355,6282.0,3673.0,13052.0,8415140.0,1877.0499855891094,0.0037440163879565243,0.08724584326186441,0.279628831217795,1.5916786145033461,-0.024870003239536056,-0.0158905796323955,27.663352023568137,17.299134118003018,0.06579846602745641,1.5991177266369183,1230.0,170.07167262044382,0.5343810015601552,0.7922705314009661,4.849304185097696
2708,ID2708,ø,ø,0,418.0,525.7088353413654,95.514859437751,0.0,0.0,0,11.493415626621752,1,ø,5785.346153846154,5792.0,4160.0,7440.0,2406704.0,578.775138211445,8112.538461538462,7792.0,4128.0,12864.0,3374816.0,1635.9235668543427,0.0068813552052713264,0.1366297125307667,0.24873779856719314,1.9755784684587891,0.5272602534099179,0.0347122553484198,13.844063312881923,10.194924334944805,1.3872858577255485,1.3579368377879064,414.99999999999994,79.05296905166544,0.8344908696671355,0.973036342321219,3.880557628505624
2709,ID2709,ø,ø,0,201.0,161.59991603694374,97.62762384550797,0.0,0.0,0,7.948868624369285,1,ø,5792.0,5792.0,4384.0,7888.0,1141024.0,592.2360257566925,4891.4517766497465,4880.0,3072.0,7216.0,963616.0,672.7673764502148,0.005600080167606191,0.108926279909551,0.11197996393089965,1.4643544439584144,-0.07319977292889428,0.11248046739682963,9.332774907146387,7.066866160513593,-1.46019793773967,1.3206384124399657,198.5,52.56395069219963,0.9028058751514673,0.9851116625310173,3.730849615470907
2711,ID2711,ø,ø,0,310.0,576.8053311793215,145.5640818524502,0.0,0.0,0,9.925568486181696,1,ø,5688.440129449838,5680.0,4416.0,7152.0,1757728.0,517.9291562095451,11767.404530744336,11824.0,6192.0,16928.0,3636128.0,2273.9879398885623,0.0025015134766944746,0.05481136748443992,0.2571683825663682,2.1171257065170326,0.0919457131859194,0.12231967897772952,12.486358810644383,8.11579558751609,0.8094739404339449,1.5385255426900104,309.5,68.33979111837635,0.8327664558434146,0.9763406940063092,3.884573296179017
2713,ID2713,ø,ø,0,547.0,72.8026113671275,193.80291858678956,0.0,0.0,0,13.14089469003943,1,ø,5764.819521178637,5728.0,3888.0,7504.0,3130297.0,555.8948842621663,5507.957642725599,5520.0,2784.0,8048.0,2990821.0,870.6471105973314,0.006502292616768416,0.13399073671983694,0.19868958517687432,2.097233544368722,0.37331899657809203,-0.26020258548584274,19.04431691727068,9.377018805589058,-0.4591055572308516,2.0309564598419647,542.5,97.5812878481967,0.7159398156149304,0.9610274579273693,4.189543212370317
2715,ID2715,ø,ø,0,529.0,118.7280534351145,194.52321882951654,0.0,0.0,0,12.9148898702353,1,ø,5721.478095238095,5728.0,4256.0,7488.0,3003776.0,561.8328868484436,5204.205714285714,5136.0,3232.0,8688.0,2732208.0,837.9504551191916,0.003721553820540633,0.07551654847178721,0.14883627193622384,1.609224937216229,0.2469011590266392,0.1726354550193104,16.311658137027184,11.080560136545694,-0.3749224020114631,1.4720968918555282,524.0000000000001,87.16822064743272,0.8666121812061423,0.9886792452830189,3.8079613995793204
2716,ID2716,ø,ø,0,274.0,174.21623296158612,209.816604708798,0.0,0.0,0,9.253397180681251,1,ø,5734.874074074074,5712.0,4192.0,7568.0,1548416.0,530.0518096249518,5780.918518518519,5776.0,3648.0,8304.0,1560848.0,769.4481298715677,0.003871499742383083,0.08345198480542215,0.1462519389393129,1.9172071697910922,-0.022338063893737988,-0.03368186789487029,17.306591877651925,5.063907499353752,1.9888587038510424,3.4176358631867916,269.00000000000006,77.06135600451469,0.5692314023655362,0.9522123893805312,4.698513800162166
2656,ID2656,ø,ø,0,416.0,162.74627166465135,296.4371221281741,0.0,2.0,2,11.472625590378055,1,ø,5702.97572815534,5722.0,4731.0,6582.0,2349626.0,374.55705472463615,8521.381067961165,8606.0,3793.0,12053.0,3510809.0,1746.4903960750287,0.004825127141888947,0.14622842836568326,0.3036961446786244,2.273194927869469,-0.030455329295771744,-0.026703212748406886,12.829257166996857,10.67456628088667,1.2458466699342108,1.2018527806575396,413.49999999999983,77.81909537679128,0.8580508423548602,0.961627906976744,3.8269115179281488
2660,ID2660,ø,ø,0,326.0,461.20081549439345,303.289500509684,0.0,2.0,2,10.202319970580199,1,ø,5988.743119266055,5970.0,4881.0,7416.0,1958319.0,401.32791245946834,30014.65137614679,28854.0,16192.0,48275.0,9814791.0,7795.724776974491,0.03546837033986224,1.0222819943894872,0.6046133400464088,2.9014435637233,0.0519910202493939,-0.5069358259612168,13.94379763886553,7.798384246516635,1.2635726425761549,1.7880367519840938,327.0,74.56573451126849,0.7390588402909588,0.9631811487481591,4.123494540668938
2664,ID2664,ø,ø,0,410.0,146.95889023896314,311.42183070068853,0.0,2.0,2,11.444846795157629,1,ø,5730.751219512195,5731.0,4574.0,6972.0,2349608.0,365.9607398892926,7274.617073170732,7259.0,4178.0,10461.0,2982593.0,1348.9626593911012,0.007157361268203736,0.22256796844884147,0.2501447513189764,2.1580986740215398,0.2547671435313018,0.13451238517455388,15.572297185941105,9.400775153373939,0.7345263470240558,1.6564907608020183,411.5,82.17597154841795,0.7657552956050776,0.9558652729384438,4.050978400615247
2649,ID2649,ø,ø,0,156.0,505.30130293159607,80.65092290988056,0.0,2.0,2,6.990033442639017,1,ø,5813.187096774193,5826.0,4856.0,6660.0,901044.0,300.60890126664134,12187.703225806452,12330.0,9425.0,14741.0,1889094.0,1193.0098037621667,0.0013688256186585562,0.05286844272693232,0.22449911114945276,3.7459675008421764,0.0011896136979546994,0.03723477297108154,8.491311568006736,6.0159611716742925,1.5125217692409862,1.4114638252632759,153.5,46.913311489055026,0.8764478183703094,0.9839743589743589,3.786534340508591
2665,ID2665,ø,ø,0,353.0,205.34126984126982,496.0798319327731,0.0,2.0,2,10.660048281673648,1,ø,6005.8526912181305,5993.0,4853.0,7573.0,2120066.0,444.88154813932107,8932.073654390935,8726.0,5127.0,13082.0,3153022.0,1684.7712062137373,0.00418449211002439,0.11250958461398872,0.3305278321249652,2.6340585928369626,-0.04181623878510931,-0.06230420770434487,13.573580688819538,8.618114710334641,2.3181555837984513,1.5750058040585626,357.0,71.99681419329013,0.8654690084464818,0.9807692307692307,3.8104754822086186
2651,ID2651,ø,ø,0,100.0,573.8366500829187,112.60116086235489,0.0,2.0,2,5.655982988081821,1,ø,5930.247524752475,5931.0,4989.0,6964.0,598955.0,419.0907397197078,18667.366336633662,18397.0,12328.0,24994.0,1885404.0,3304.2453199566535,0.016363470829002698,0.4556392526039931,0.3296083457365616,2.8010136779901913,-5.64659742775627E-4,-0.08032668186165047,6.064289164786721,5.5360378568593305,0.7348048551511426,1.0954204652471569,100.49999999999999,37.43617270283582,0.9011416057172902,0.9804878048780487,3.734293177921645
2653,ID2653,ø,ø,0,623.0,97.06027800053462,254.59061748195668,0.0,2.0,2,14.087803733570166,1,ø,5730.524959742351,5710.0,4639.0,7282.0,3558656.0,422.09937077836344,5764.447665056361,5721.0,4221.0,8021.0,3579722.0,651.8678912631468,0.002831804706984639,0.07667343134850677,0.15406059510416767,2.3609732427003993,0.04741979778079603,-0.083632865244393,22.31265740456687,9.098993887823136,1.0512698389980812,2.4522114949903546,623.5,111.15314492203277,0.6341657922740974,0.9361861861861862,4.451470770716975
2720,ID2720,ø,ø,0,973.0,168.3354777834963,424.6876822782638,0.0,3.0,3,17.585165749220355,1,ø,5821.831958762887,5815.0,4721.0,6857.0,5647177.0,307.9895050168001,6882.4,6929.0,4351.0,9436.0,6675928.0,1049.003561201688,0.003409620078277086,0.1284640095935304,0.2580645865723971,2.6916489466942335,0.06331819884592657,0.008751854018954609,23.70925200792017,13.154826534030537,1.0269663290519213,1.802323424530619,971.5000000000001,123.00368981854587,0.8068938216064871,0.9744232698094284,3.946360331385534
2722,ID2722,ø,ø,0,266.0,39.68575063613231,474.6482188295165,0.0,3.0,3,9.132206205520829,1,ø,6064.595419847328,6069.0,4780.0,7071.0,1588924.0,432.7167280360637,5907.320610687023,5835.0,3762.0,8150.0,1547718.0,869.0933688552292,0.008357583621052678,0.23232412300632613,0.2270699081591232,2.51561618332361,0.032267934450293474,0.038271011914050156,9.76390112235088,8.8328932471535,0.4073344803117131,1.1054023692064214,261.99999999999994,59.98409554242562,0.9150375696239819,0.9703703703703701,3.7058297986209165
2724,ID2724,ø,ø,0,364.0,135.16713156671315,485.91143654114364,0.0,3.0,3,10.682419866158089,1,ø,6063.8746518105845,6072.0,4862.0,7276.0,2176931.0,403.41340842700225,6360.373259052924,6255.0,3808.0,9803.0,2283374.0,1165.5715695538381,0.004401961773979953,0.13175545241086398,0.27475601434027863,2.352305863689399,-0.1656488384260138,-0.12198770309559066,17.240312691278014,6.7808020390817765,0.7853271013792252,2.5425182142041436,358.50000000000006,83.65856725502034,0.643692099796665,0.943421052631579,4.418408264342733
2696,ID2696,ø,ø,0,80.0,198.71019108280254,7.918259023354565,0.0,3.0,3,4.998732445873411,1,ø,6035.692307692308,6043.0,5320.0,6658.0,470784.0,331.7087326506242,9576.115384615385,9695.0,7854.0,11329.0,746937.0,810.5297927621444,0.00207899148125712,0.07550069249807198,0.15585600167189562,3.1861790770430916,-0.02430018759273102,-0.08096466539247363,5.880145457298475,4.5345920114149845,2.5075530028280113,1.2967308729200582,78.5,35.189795030489286,0.796610536429884,0.9345238095238093,3.971750042307713
2701,ID2701,ø,ø,0,165.0,269.8626834381551,87.57651991614256,0.0,3.0,3,7.1141599576634995,1,ø,6031.235668789809,6032.0,5264.0,6740.0,946904.0,335.1387033967484,16266.382165605095,15883.0,9680.0,23933.0,2553822.0,3918.8025586955605,0.012770202571505835,0.4538356214662057,0.4395307640908667,2.5347545522175317,0.07700094020748965,0.005008158409566769,7.52044403490546,7.001804182631763,0.04257486307069238,1.0740723160410859,159.0,46.10248209531852,0.9400660586657387,0.9906542056074766,3.65616465312347
2703,ID2703,ø,ø,0,397.0,9.014321295143214,100.06745537567456,0.0,3.0,3,11.304928982651415,1,ø,5970.24317617866,5942.0,4710.0,7283.0,2406008.0,414.8397166008683,9221.310173697271,9142.0,6062.0,13099.0,3716188.0,1692.3082886553095,0.007700969399471683,0.21996592483701255,0.22063770426245963,1.9698633217724868,-1.1163251521688946,-1.054206846997951,18.798291926457992,8.265071971540962,1.034228913675137,2.27442567846789,401.49999999999994,85.08621117829377,0.6969105564470269,0.9950433705080544,4.2463560915779555
2707,ID2707,ø,ø,0,307.0,293.58237861429353,90.42798690671032,0.0,3.0,3,9.861220524313817,1,ø,5941.685245901639,5946.0,4834.0,6976.0,1812214.0,382.01623081221175,13226.288524590163,12549.0,7438.0,22000.0,4034018.0,3439.2517759422376,0.008976525929166382,0.2767483559030753,0.3400892729025376,1.951925423342831,-0.08604293224715326,0.06459217055136224,12.624797009987995,8.037013799402938,0.22774253958372126,1.5708318195155866,305.5,67.95944329164193,0.8312304679036719,0.9729299363057324,3.888160691094251
2710,ID2710,ø,ø,0,160.0,554.4809523809524,103.55820105820105,0.0,3.0,3,7.080523079119723,1,ø,5860.165605095542,5891.0,4602.0,6624.0,920046.0,368.6058253072417,12630.47770700637,12037.0,7314.0,20042.0,1982985.0,3050.5762162421715,0.00560557675076969,0.177243501280356,0.4241981420053443,2.4664154911325147,0.05318193096340503,0.09929697896252895,7.75846044486381,6.806897221558795,1.1493539299033313,1.1397939754828714,157.5,45.79720884436469,0.9436531664534226,0.9936908517350161,3.649208949229787
2712,ID2712,ø,ø,0,267.0,176.26503759398497,125.47368421052632,0.0,3.0,3,9.20165364078046,1,ø,5833.075471698113,5797.0,4590.0,6854.0,1545765.0,374.39941042270794,8191.766037735849,8146.0,5346.0,11133.0,2170818.0,1429.911884727384,-0.0024733293704291347,-0.07725914073603966,0.3332477632957727,2.8638788313114265,0.1258910733025492,0.09120167623088712,12.188559286384228,7.274874205987361,0.28799912949614753,1.6754323086924046,265.99999999999994,63.27179696142727,0.834970559603068,0.977941176470588,3.8794427796956383
2714,ID2714,ø,ø,0,237.0,32.46861924686193,255.39888423988845,0.0,3.0,3,8.722159296752494,1,ø,5925.9789915966385,5932.0,5160.0,6843.0,1410383.0,337.8361953897695,10334.474789915967,9808.0,6136.0,16198.0,2459605.0,2603.758021958744,0.01837278616717689,0.6329248697739253,0.3971085811011665,2.2563002761516513,-0.07222601664073619,-0.03130678770854786,9.189763533437876,8.608715841412765,3.120778437607288,1.0674952806816953,238.99999999999997,57.873326057007304,0.8967076603532314,0.9795081967213112,3.743514262435398
2718,ID2718,ø,ø,0,218.0,154.83939393939391,329.4522727272727,0.0,3.0,3,8.368283871884005,1,ø,5675.862385321101,5660.0,4768.0,6562.0,1237338.0,360.2694451946041,6606.431192660551,6586.0,4825.0,8412.0,1440202.0,816.5785297469757,0.0067674786111788995,0.21180301392710188,0.2157576054076722,2.871561178010865,0.06566379752158424,0.06012405906436654,10.455555081959837,6.986757916723879,-1.0794698827489029,1.4964816595309334,220.0,59.262699481708665,0.7871720847936889,0.9503239740820735,3.995490383976843
2688,ID2688,ø,ø,0,157.0,576.9666666666666,133.70322580645163,0.0,4.0,4,7.024103669400641,1,ø,5904.651612903226,5932.0,5065.0,6986.0,915221.0,366.7018250399654,13867.922580645161,13463.0,7914.0,20991.0,2149528.0,3843.708738197679,0.006033092145218526,0.19312517692267148,0.4304970183116096,2.1715714536572506,0.017210694315849175,-6.756625563970333E-4,7.5778427093759095,6.683310865422922,-0.10594764572717555,1.1338456136435278,155.0,45.68169582332594,0.9333770685862147,0.9841269841269841,3.6692421062339946
2692,ID2692,ø,ø,0,1887.0,356.2813743698594,323.8980719908021,0.0,4.0,4,24.491937051065474,1,ø,5935.001591511937,5936.0,4640.0,7315.0,1.1187478E7,409.0260199905536,24743.0875331565,21987.0,10968.0,57799.0,4.664072E7,9500.253432605637,0.014533123481555039,0.4157120676791459,0.5157086118464322,1.7723005079373337,0.1667804047267882,0.6901812962753537,31.46791926638826,20.439266182670394,1.7766174671315538,1.5395816554837278,1884.5000000000007,174.19367383400268,0.7804431053821459,0.9575711382113824,4.012677972026074
2693,ID2693,ø,ø,0,254.0,163.6880674448768,346.7568093385214,0.0,4.0,4,9.044647077096718,1,ø,5803.15503875969,5813.0,4780.0,6634.0,1497214.0,391.16866603269244,6657.662790697675,6681.0,4489.0,8757.0,1717677.0,956.1275855122034,0.007226841164066915,0.21288807215292804,0.24333851592098263,2.7255704336863102,-0.026441865155334168,-0.06189855419836818,15.702556756560686,5.537690608291494,2.1292024161402097,2.8355785592372214,257.0,73.97187671635282,0.5902142801485261,0.9145907473309607,4.614238893248392
2694,ID2694,ø,ø,0,110.0,29.322916666666664,371.97767857142856,0.0,4.0,4,5.970821321441846,1,ø,5726.660714285715,5731.0,4990.0,6653.0,641386.0,335.2759937070383,5657.392857142857,5690.0,3754.0,7142.0,633628.0,803.5003193476421,0.0034881750562261024,0.11874491025756197,0.20519703571755193,2.3975811063675967,-0.14459421300037575,-0.5328232314444438,7.357000018651892,5.465337947974485,1.6245053839000885,1.3461198719428646,112.0,39.79968166162533,0.8885230320295093,0.986784140969163,3.7607164262928054
2697,ID2697,ø,ø,0,841.0,38.59619159795838,457.7120141342756,0.0,4.0,4,16.439132987175398,1,ø,5914.051643192488,5898.0,5053.0,7171.0,5038772.0,288.10999606536467,7588.9964788732395,7332.0,4517.0,11679.0,6465825.0,1601.4074849979827,0.0022381930282384453,0.09168185074669793,0.3238186483679319,2.3183865787834446,0.38494737099502974,-0.7483690696970096,30.54028218125134,10.140244968337024,0.7909623151750789,3.011789387397795,849.0,146.68513850832986,0.4958442983790551,0.8716632443531828,5.03422092103163
2698,ID2698,ø,ø,0,201.0,123.68166666666666,466.12833333333333,0.0,4.0,4,7.978845608028655,1,ø,5928.708542713568,5908.0,5259.0,6681.0,1179813.0,274.49162463973397,5269.442211055276,5190.0,3823.0,7008.0,1048619.0,703.0652694869253,0.002998152667671532,0.12912627097519236,0.19479226096720734,2.443871093213173,-0.07979667804317708,0.18485733908409785,10.604312767625501,6.33543231241793,0.3882763220010661,1.673810443344212,200.00000000000006,54.62472507081499,0.8422893925020132,0.9876543209876547,3.8625513518024084
2700,ID2700,ø,ø,0,230.0,128.01159420289855,512.2630434782609,0.0,4.0,4,8.556358677747903,1,ø,6142.51304347826,6162.0,5314.0,6849.0,1412778.0,285.2942973030941,5914.482608695652,5930.0,3339.0,7935.0,1360331.0,960.3433188653078,0.005123068359074583,0.21947946995293913,0.17829261142453665,1.8638048052767493,0.29624354577354756,0.3621378010429272,12.770996433560711,6.094385546945307,0.759357934192651,2.095534707344193,230.0,62.39112948155113,0.7424923858098877,0.9643605870020965,4.113949249324302
2671,ID2671,ø,ø,0,158.0,441.9958071278826,7.0901467505241085,0.0,4.0,4,7.1141599576634995,1,ø,6103.100628930818,6106.0,5022.0,7300.0,970393.0,426.10501461566326,8701.710691823899,8765.0,6337.0,11393.0,1383572.0,1068.2778069084193,0.006098873656633485,0.17364922726246093,0.2354373833443764,3.104596141090197,-0.02721676178963065,0.04776328863113323,9.977368703878483,5.16473690199426,-0.2657091197374239,1.931825162289665,159.00000000000003,50.558590197708284,0.7816585409363886,0.9607250755287011,4.009557012796637
2675,ID2675,ø,ø,0,561.0,448.3257911860396,27.213694173321503,0.0,4.0,4,13.39281975032017,1,ø,5992.54609929078,5988.0,5175.0,7024.0,3379796.0,320.8908221160704,7985.593971631206,8094.0,5457.0,10285.0,4503875.0,956.1768956669515,0.002859292027702047,0.10648847164340873,0.2466087903361144,3.30428381223192,0.32479491368516183,0.08030980581366848,19.189397646789853,9.860031994325247,0.19524118544717695,1.9461800588308378,563.4999999999999,95.73144963660414,0.7726708240654458,0.9723899913718721,4.03280919998998
2679,ID2679,ø,ø,0,807.0,552.5270664168229,55.016760358109515,0.0,4.0,4,15.962677215621582,1,ø,5993.793275217933,5987.0,4603.0,7477.0,4813016.0,425.2906790659261,8940.341220423412,8552.0,5743.0,14230.0,7179094.0,1769.4007905891926,0.007900683086630928,0.22094938311997753,0.3428936528013889,2.580332652835649,0.5817364917478677,0.08348011157754012,18.47720463301555,14.592681824996173,1.7042234254832125,1.266196635725003,800.4999999999999,109.26674614926478,0.8425490231665265,0.9512774806892451,3.8619561852220023
2683,ID2683,ø,ø,0,119.0,307.1877637130802,73.88959212376933,0.0,4.0,4,6.141638341092643,1,ø,6043.983050847458,6050.0,5063.0,7050.0,713190.0,376.1669701792819,9435.262711864407,9364.0,7208.0,11874.0,1113361.0,1056.4987201966685,0.011489337752548895,0.36501125984973787,0.23646221723203212,3.4158274541415072,-0.0386471174551816,-0.56180259594489,9.270549108374059,4.536021437411159,1.6823253536402625,2.0437621903447254,118.5,44.87693908077827,0.7394039386810619,0.9595141700404858,4.122532159127082
2685,ID2685,ø,ø,0,275.0,482.96520146520146,74.64163614163614,0.0,4.0,4,9.321941800299703,1,ø,5970.798534798535,5948.0,4869.0,7015.0,1630028.0,416.29714853719366,6432.241758241758,6443.0,4303.0,8081.0,1756002.0,605.4940558190407,0.005366396823522607,0.15311487903069468,0.15975526237578672,2.9266533956195286,-0.1300038543450507,0.04448154206787565,14.979347689059455,5.911365780275617,0.0019965739342850328,2.533991000699172,273.0,72.72444316811153,0.6486519107771318,0.9545454545454546,4.401483530334869
2687,ID2687,ø,ø,0,83.0,398.44674556213016,96.43491124260355,0.0,4.0,4,5.186249645218625,1,ø,6060.611764705883,6081.0,5366.0,7156.0,515152.0,345.2307404413145,8584.611764705882,8583.0,6069.0,11783.0,729692.0,1614.6357844810111,0.01738746274730756,0.6000491591065251,0.2780613575763166,2.3134760943726227,0.07116663957511914,0.030148137613608763,5.475366446897336,5.160465331596841,-0.5512602103470168,1.0610218449434003,84.5,34.67224068033561,0.8832888649744707,0.9657142857142857,3.771842539076521
2672,ID2672,ø,ø,0,96.0,94.00431778929187,332.4326424870466,0.0,5.0,5,5.542283285500282,1,ø,5824.4639175257735,5797.0,5119.0,6733.0,564973.0,309.3275994615738,6944.381443298969,6891.0,5565.0,8871.0,673605.0,811.5663025299053,0.00470368206053073,0.17630606326045614,0.1807556404646193,2.6198195991381596,0.034372206097831315,0.0273482566676987,6.57927783969751,4.883331613872186,0.39330130752052855,1.3472928647744529,96.5,37.14437663533519,0.8789234033559254,0.9698492462311558,3.781197983844867
2657,ID2657,ø,ø,0,171.0,119.00049164208455,71.72713864306785,0.0,5.0,5,7.345306372654071,1,ø,6146.023529411765,6113.0,4836.0,7760.0,1044824.0,467.15282591107194,18105.564705882352,17897.0,9740.0,26613.0,3077946.0,4473.592911431313,0.013294122517608427,0.3452147846915622,0.5236151950997665,2.7817785550775675,0.011787210819315299,0.03876191253106471,8.26887300126555,6.6816661250219616,-1.1187405119157452,1.2375465709517732,169.49999999999997,47.681007692580735,0.9368902429523207,0.9912280701754386,3.662356137160598
2659,ID2659,ø,ø,0,72.0,428.7890442890443,129.32284382284382,0.0,5.0,5,4.770655810487803,1,ø,6037.944444444444,6111.0,5200.0,7117.0,434732.0,432.1130814728579,7982.0,7809.0,5565.0,10393.0,574704.0,1272.4518862483176,0.005108624297367342,0.1420406527817703,0.22914374417882646,2.338867823889387,0.0350055498594386,-0.08687996048020837,5.408961007367701,4.474778124259592,0.6942129085300188,1.2087663024102857,71.5,32.07578688459023,0.8732955903177393,0.9662162162162162,3.793362079192448
2677,ID2677,ø,ø,0,303.0,53.27722222222222,424.2972222222222,0.0,5.0,5,9.772050238058398,1,ø,5803.173333333333,5786.0,4786.0,7106.0,1740952.0,373.2225522848295,8230.126666666667,7956.0,5598.0,12263.0,2469038.0,1575.7028067095853,0.0029449175981454256,0.09131113163756885,0.172083130653941,1.5337059042454242,-0.4513791689536278,-0.7897591901570256,12.78814778225163,9.187342481146349,-0.9401743245975843,1.391931106138104,300.0,77.00732787005055,0.6357216635802264,0.8403361344537815,4.446020147534745
2662,ID2662,ø,ø,0,128.0,128.59803921568627,255.21503267973858,0.0,5.0,5,6.370597341571143,1,ø,5962.296875,5925.0,5111.0,7034.0,763174.0,385.93023643105795,7638.7265625,7636.0,5359.0,9758.0,977757.0,1047.1624103354677,0.008703039633057514,0.26658911843919597,0.22122470124321325,2.6428648387449045,0.03026085542496622,0.033398012186982094,7.729757333194551,5.466052718611533,-0.8095112992427245,1.4141388184704584,127.5,42.38954209255358,0.8916668037860724,0.9845559845559844,3.7540809468393896
2648,ID2648,ø,ø,0,166.0,273.0845845845846,10.61111111111111,0.0,5.0,5,7.280013464932683,1,ø,6186.875,6175.0,5568.0,7041.0,1039395.0,315.80205252221765,12355.791666666666,12663.0,7652.0,17118.0,2075773.0,2260.2333562269177,0.010057544980960124,0.3901505786656827,0.4246570823369118,3.258932181462201,-0.23810452302730517,-0.05059165268345473,9.170086367944677,6.139157233214476,0.1095072547828253,1.493704431991425,166.50000000000003,49.15347411505378,0.8659955580925173,0.9852071005917161,3.809316867953629
2680,ID2680,ø,ø,0,430.0,30.879640260237277,439.4682357443551,0.0,5.0,5,11.773867479848786,1,ø,5914.56091954023,5909.0,5141.0,6660.0,2572834.0,240.19706356401323,11113.850574712644,10410.0,5692.0,18060.0,4834525.0,3199.2944899432127,0.006642060926189359,0.3249470461285419,0.3892018167532199,1.946479558845285,0.19247209726187842,-0.16037255415164076,15.83463462805978,8.983175200992731,2.3875504309938003,1.7626990761918897,435.4999999999999,82.12472865193293,0.8114282583450636,0.9720982142857141,3.9353183256400643
2652,ID2652,ø,ø,0,553.0,572.9590854392299,41.64771359807461,0.0,5.0,5,13.279445656570914,1,ø,6017.637184115523,5997.0,4895.0,6961.0,3333771.0,338.55817056089387,10873.45487364621,11033.0,6119.0,15151.0,6023894.0,2211.2907579565253,0.006827730110988132,0.24107039167589822,0.3509335660683347,2.5547159432887456,-0.03191134404810421,0.16270043814395624,23.128567742625208,7.8154893181632366,0.9981299018542489,2.959324336721221,554.0000000000002,106.27588927338755,0.616382263657705,0.9634782608695655,4.515229871862219
2655,ID2655,ø,ø,0,468.0,393.88516151934687,51.73819666311679,0.0,5.0,5,12.224830942114894,1,ø,6092.621276595744,6098.0,4744.0,7478.0,2863532.0,389.86969171586355,10177.344680851063,10126.0,7408.0,13057.0,4783352.0,1179.6498271226478,0.01134047327397285,0.3504681010338702,0.3344367703618299,4.32441525668052,0.053514214585641005,0.062050247135240266,15.285491500704238,9.870856944324926,-6.249376313811924E-4,1.5485475665304176,469.49999999999994,83.35633598486059,0.8491183524326468,0.9760914760914758,3.8469878813088423
2645,ID2645,ø,ø,0,303.0,345.1311702717693,63.76234054353854,0.0,6.0,6,9.7801902230084,1,ø,6271.485049833887,6223.0,5023.0,7967.0,1887717.0,491.425515491155,23228.45514950166,22779.0,10627.0,37496.0,6991765.0,6751.652966655529,0.020002219706738482,0.5005180703183709,0.6119459961885,2.61217832259519,0.07035048743069645,0.10459957963065004,12.146464132296172,8.117085101859109,-1.1928726191439782,1.4964071436819344,300.5,65.1958862240988,0.8884110548449844,0.9804241435562804,3.7609534231008808
2661,ID2661,ø,ø,0,76.0,54.97149122807017,369.1644736842105,0.0,6.0,6,4.918490759365935,1,ø,5787.776315789473,5760.0,4607.0,7396.0,439871.0,444.1494222649014,5946.855263157895,5953.0,4617.0,7311.0,451961.0,578.48518745536,0.0031776608918887782,0.08255479986822359,0.16713257006950463,2.9441912940303383,-0.21615782973656336,-0.06406309577450205,5.6079175913271015,4.761329750283912,0.20196458224079183,1.1778049169967084,76.0,32.66157332221714,0.8952601513713768,0.9806451612903225,3.746539406541803
2646,ID2646,ø,ø,0,369.0,56.475022706630334,260.76203451407815,0.0,6.0,6,10.808317548511015,1,ø,5918.75,5909.0,4726.0,7312.0,2178100.0,419.40659715003295,8470.948369565218,8511.0,6685.0,10056.0,3117309.0,643.1505093743656,8.450633404792872E-4,0.023831267701677053,0.16764486719512528,3.7820642204308395,-0.20417384032755598,-0.11390096270574807,16.561204141627094,7.498950795663855,0.43164037787581533,2.20846950365421,366.99999999999994,78.90805055731315,0.7406845741940319,0.9507772020725389,4.118966710839179
2647,ID2647,ø,ø,0,334.0,134.04786967418545,296.05338345864664,0.0,6.0,6,10.287761523096771,1,ø,5889.939759036145,5863.0,4731.0,7008.0,1955460.0,376.21919751334514,9908.481927710844,9766.0,4720.0,14700.0,3289616.0,2322.0872114972963,0.004949941265067011,0.15422526049167926,0.4200588644752119,2.524424563945895,0.3140699167246051,-0.03068721403942434,13.47441990184885,9.215743767673475,1.457234864131019,1.4621087827022434,332.5,75.27989649812484,0.7372987320541274,0.9097127222982216,4.128413490091331
2663,ID2663,ø,ø,0,196.0,4.937074829931973,442.13605442176873,0.0,6.0,6,7.898654169668587,1,ø,5932.9795918367345,5926.0,5213.0,6594.0,1162864.0,251.1434559744826,8251.994897959185,7340.0,3949.0,15123.0,1617391.0,2953.5967669118777,0.0037359473708517264,0.17585805089486517,0.2784987271130254,1.2171963940202573,-0.16611077124367682,-0.031147425783943663,11.421322835658854,6.031328592858848,2.115807548689282,1.893666156604668,195.99999999999997,60.312212525361744,0.6771040540484464,0.944578313253012,4.3080151803829825
2650,ID2650,ø,ø,0,442.0,65.48428731762066,331.8206135428358,0.0,6.0,6,11.90827671390276,1,ø,5887.289237668161,5897.0,4819.0,7072.0,2625731.0,351.049347305279,8833.576233183856,8811.0,4153.0,13253.0,3939775.0,1901.0549731739416,0.005560048890631439,0.18545895086108752,0.32908783489062216,2.3010710408445636,0.714116464175102,0.30220111161632285,19.56379467422333,7.59189616554546,0.701790204344564,2.576931276142884,445.4999999999999,93.21032306227669,0.6443614438031506,0.9388830347734455,4.4161128108033925
2666,ID2666,ø,ø,0,622.0,162.69208132691278,472.234884965222,0.0,6.0,6,14.082153922340916,1,ø,6124.355877616747,6098.0,5111.0,7408.0,3803225.0,367.37248907273204,6570.582930756844,6582.0,4311.0,9269.0,4080332.0,1056.6111508780245,0.009019675619204017,0.29804035219932046,0.26815822974583053,2.629882787570589,0.05471055369569949,-0.16397440955684972,22.56844926582431,9.165783161698286,1.6449601170265291,2.4622499646437963,623.0000000000001,106.40488181441819,0.6914723256831729,0.9555214723926384,4.2630215725085225
2667,ID2667,ø,ø,0,429.0,135.3243769470405,510.49493769470405,0.0,6.0,6,11.67204486311899,1,ø,6197.858823529412,6217.0,5319.0,7355.0,2634090.0,323.6622596536155,7328.752941176471,7209.0,4619.0,10233.0,3114720.0,1362.3346611285795,0.005898814904440799,0.22458982967662408,0.24396261705072592,2.1100474663108035,0.1572585267142633,0.1226453347450666,20.5246363495708,7.195634178465729,0.6495713879971216,2.852373514344932,428.0,95.72523856243093,0.5869494747736144,0.9214208826695371,4.6270540520451515
2691,ID2691,ø,ø,0,401.0,325.6699834162521,100.02321724709785,0.0,7.0,7,11.311965976163641,1,ø,6106.962025316456,6078.0,5030.0,7649.0,2412250.0,421.44716365427445,7034.12911392405,7028.0,4789.0,9372.0,2778481.0,860.8317256798973,0.0059683162445796295,0.1719410618170575,0.22086215477839793,2.9564922201573425,-0.007961008207224642,0.10012524247482632,17.168643847008834,7.800667603055245,-0.8736433703512791,2.200919808489787,402.0,83.3686226029195,0.7268263516781891,0.9663461538461539,4.1580489692423015
2676,ID2676,ø,ø,0,139.0,304.31107099879665,14.413357400722022,0.0,7.0,7,6.639722828285456,1,ø,6247.021582733813,6296.0,5195.0,6926.0,868336.0,324.46297811690516,6917.6834532374105,6805.0,5434.0,8697.0,961558.0,749.251075697837,0.007235287396618218,0.2766067068569314,0.1742867484023926,2.740649600074785,0.06649123227446727,-0.027303445299466423,8.660124128274079,5.448455500675225,-1.3746642787628094,1.5894640466827403,138.5,46.603320462117175,0.8013567793288843,0.9389830508474576,3.9599707161652806
2678,ID2678,ø,ø,0,481.0,358.39958592132507,40.50483091787439,0.0,7.0,7,12.399341717477219,1,ø,6144.1072164948455,6164.0,4839.0,7409.0,2979892.0,401.8362923333884,7839.01030927835,7763.0,5375.0,11438.0,3801920.0,1201.4711995224563,0.007245100802004133,0.21996262400081565,0.20284855637572113,2.2005884867874728,0.09884122382748262,0.19514539699554007,14.384746524384735,10.979287317734878,1.2745374341946356,1.3101712440978759,483.00000000000006,83.91090256652308,0.8620256919166698,0.9602385685884693,3.818078270025708
2682,ID2682,ø,ø,0,456.0,443.5487627365357,51.33478893740902,0.0,7.0,7,12.074184356393443,1,ø,6119.56043956044,6136.0,4869.0,7199.0,2784400.0,368.89468217534824,6259.351648351649,6229.0,4349.0,8525.0,2848005.0,792.421682418585,0.00782601843154315,0.25763397233212976,0.20950967272025392,2.7365143426044436,-0.004942792386422846,0.0060981882690245015,17.561835017040195,8.675186614031826,0.20832430988954026,2.024375474371296,458.0,86.71180920018455,0.7654535590722954,0.9662447257383966,4.0517767558700415
2684,ID2684,ø,ø,0,252.0,363.7246666666667,59.300666666666665,0.0,7.0,7,8.920620580763856,1,ø,6083.907258064516,6084.0,5112.0,7281.0,1508809.0,361.502850890789,7480.495967741936,7508.0,4616.0,9837.0,1855163.0,962.2204457495657,7.215967958352053E-4,0.02427069305141805,0.1950732994154505,2.5379852526131703,-0.0025735131546655936,0.04700568413744736,10.537901758782015,7.715292754398009,2.4302842974638166,1.3658460014722076,250.0,60.415681926791606,0.8606974356136529,0.967117988394584,3.821023225618632
2670,ID2670,ø,ø,0,120.0,580.6784232365145,9.202627939142463,0.0,7.0,7,6.193249654676193,1,ø,6114.553719008264,6066.0,5431.0,7151.0,739861.0,340.7691532991512,6660.512396694215,6490.0,4647.0,10556.0,805922.0,1176.7874072781262,0.004785268946959536,0.17091004066064996,0.06330008719909731,0.6738885587778437,-0.04342315700513865,0.06217311107883609,8.986662262193969,4.576162693725047,-0.9274267533826127,1.9637986810470511,120.50000000000003,50.36501513066996,0.5969513977367089,0.9094339622641512,4.588127153972254
2686,ID2686,ø,ø,0,237.0,580.531541218638,62.57813620071684,0.0,7.0,7,8.602734945221279,1,ø,6101.402597402597,6117.0,5244.0,6812.0,1409424.0,296.2194806032789,7734.393939393939,7254.0,4564.0,12746.0,1786645.0,1965.1628775858171,0.0031695612635061978,0.13015799999458896,0.15782524796640748,1.0729789380230161,0.26236115099893875,-0.03907065814912135,11.88231834883195,6.663330919879711,1.828546516037068,1.783240017898804,232.50000000000006,61.51669565769162,0.7720524798704774,0.9728033472803348,4.034423834437267
2723,ID2723,ø,ø,0,525.0,409.60169491525426,44.54865034526051,0.0,8.0,8,13.000867261978827,1,ø,6152.3853383458645,6141.0,5063.0,7952.0,3273069.0,417.9126770754116,7368.637218045113,7312.0,4604.0,10451.0,3920115.0,1245.7431040644267,0.004766067909475521,0.13966360405651615,0.26141224387792894,2.451644874595897,-0.5013678778177512,-1.0099080497115809,18.824153838936724,9.98960928345389,1.7761533837141257,1.8843733828625084,531.0,97.35145100190714,0.7040759781025703,0.9356828193832599,4.2246931294471075
2725,ID2725,ø,ø,0,449.0,472.9226190476191,44.015997023809526,0.0,8.0,8,11.941642642883691,1,ø,6122.698660714285,6123.0,4748.0,7663.0,2742969.0,430.0452198250775,7111.205357142857,6997.0,4065.0,10872.0,3185820.0,1559.5550698515417,0.004931645118800679,0.13973784820732388,0.3192220585623488,2.206721318320364,0.06184132924524369,0.3424976852315774,14.754811702990843,10.118943619996553,0.3952529458408278,1.458137554381973,447.9999999999999,80.65856703610805,0.865340188187212,0.9781659388646284,3.8107590979352515
2726,ID2726,ø,ø,0,382.0,530.9311965811966,84.25384615384615,0.0,8.0,8,11.141851534268367,1,ø,6071.949109414758,6083.0,4409.0,7611.0,2386276.0,415.13885365225093,5989.119592875318,6019.0,4143.0,7758.0,2353724.0,715.534182819736,0.002810253686301552,0.08197690111117997,0.2046280596760158,2.8436412546594285,0.007669721344749022,0.2573118329366181,14.71557147084692,9.031942914742201,0.623110751375394,1.629280832458289,390.0,77.29602575941159,0.8202762575221467,0.9774436090225563,3.9140364102834644
2728,ID2728,ø,ø,0,460.0,151.90819964349376,99.23939393939393,0.0,8.0,8,12.19876517484135,1,ø,6071.536324786325,6069.0,4846.0,7204.0,2841479.0,392.2511824231686,7753.309829059829,7638.0,5762.0,10980.0,3628549.0,880.8865887121851,0.002386379073392021,0.0737001899605257,0.2343335309464005,3.3419430625275344,-0.28685400741622996,0.6871703955593013,23.66114784293735,6.540123570008145,-0.8984005287952662,3.617844156866272,467.4999999999999,112.81218010757628,0.46161455616831853,0.8237885462555065,5.217532758583961
2730,ID2730,ø,ø,0,367.0,263.7669376693767,100.03613369467028,0.0,8.0,8,10.837727990765348,1,ø,6083.372972972973,6079.0,5133.0,7276.0,2250848.0,332.0649874755341,6593.851351351352,6587.0,4808.0,8232.0,2439725.0,671.4213230303674,7.190573158440128E-4,0.026327079928187686,0.20663398655894444,3.3635680571788584,-0.0690144705457211,-0.18010111034545484,12.377425830968294,9.796336997779541,0.6550560299964638,1.2634748920717802,368.9999999999999,70.97106554145964,0.9206055289746804,0.9866310160427805,3.6946060969508583
2734,ID2734,ø,ø,0,259.0,174.27996070726917,122.48297314996726,0.0,8.0,8,9.000548096298065,1,ø,6052.174603174603,6007.0,5080.0,7180.0,1525148.0,390.667364022887,7530.011904761905,7515.0,5999.0,9248.0,1897563.0,669.125340256405,-1.5149158208640424E-5,-4.693852007630679E-4,0.20913356021021717,3.89284970296591,0.05076065010338027,0.033835815458587014,9.688567831776234,8.723645743103118,-0.832554123785238,1.1106099579336977,254.5,59.271697432163634,0.9103385226151686,0.9788461538461538,3.7153819892563122
2735,ID2735,ø,ø,0,307.0,336.7632731253421,137.67898193760263,0.0,8.0,8,9.845067818098778,1,ø,6107.5526315789475,6109.0,4749.0,7360.0,1856696.0,418.8701885364213,6953.463815789473,6940.0,5247.0,9048.0,2113853.0,714.8458201186933,0.006952116309789844,0.20133810277938993,0.18067366629026754,2.977033990330583,-0.11658123884886129,-0.061223937995573484,12.499157722889795,8.032997281865738,0.6873150416312575,1.5559768395672542,304.49999999999994,67.92093717191801,0.8294492554869001,0.9697452229299363,3.892333294723604
2739,ID2739,ø,ø,0,4075.0,429.3539385738303,339.0828515192521,0.0,8.0,8,35.96902184372015,1,ø,6013.220172201722,6004.0,4594.0,7503.0,2.444374E7,413.6455163248592,18590.949077490775,15291.0,7036.0,62844.0,7.5572208E7,9670.465620411755,0.014088986701150127,0.40393591875127005,0.5584402509630156,1.3777509803702488,3.566543005810439,1.7419183111312606,51.294416182563246,30.1178746435429,1.1982573404637231,1.7031220426292755,4064.5,291.15593406592734,0.6025119987117348,0.8491590932831923,4.566906097747916
2741,ID2741,ø,ø,0,233.0,85.4090909090909,317.87279774489076,0.0,8.0,8,8.676421386866044,1,ø,6044.046610169492,6078.0,4457.0,7133.0,1426395.0,446.5898422265663,10692.762711864407,10533.0,5996.0,16546.0,2523492.0,2074.8572088391443,0.014965695221405126,0.399111730445434,0.3596742775758356,2.726504440216659,0.6607723981483243,0.6361815416597815,11.187012983626921,8.346662680906821,-1.4966782748970977,1.3402977227314417,236.49999999999997,63.979493071140325,0.7260381135011812,0.9497991967871485,4.160305492543791
2742,ID2742,ø,ø,0,126.0,81.25403225806451,400.2258064516129,0.0,8.0,8,6.282549314314218,1,ø,5838.830645161291,5858.0,4902.0,6808.0,724015.0,379.72389887712114,5344.806451612903,5389.0,3463.0,7095.0,662756.0,591.6783167627018,0.005832406660375689,0.1783241309967466,0.16525227604496737,2.5621456509939686,0.04329210611264995,-0.06895807242786049,7.110254498350051,5.790671266933274,0.48902346714564504,1.2278808743559753,124.0,41.528390376124385,0.9035274523070675,0.9802371541501976,3.7293595480948163
2743,ID2743,ø,ø,0,348.0,56.119460500963385,407.42678227360307,0.0,8.0,8,10.494532891920038,1,ø,5926.962209302325,5921.0,4788.0,6947.0,2038875.0,413.1574802953078,7355.4941860465115,7063.0,4484.0,11795.0,2530290.0,1784.4343135033248,0.009272647408891136,0.2635977969760468,0.3242198187177735,2.018462854641521,-0.00901658975400904,0.14658150576953666,13.098795068798461,8.69095763864939,2.8885961409290775,1.5071751138846958,345.99999999999994,69.96760317134665,0.8881615524209288,0.9871611982881597,3.761481649694897
2744,ID2744,ø,ø,0,130.0,4.22265625,425.4778645833333,0.0,8.0,8,6.383076486422923,1,ø,5838.238095238095,5831.0,5178.0,6543.0,735618.0,267.95821849150815,7166.3015873015875,6975.0,4359.0,10693.0,902954.0,1632.0839697507786,-3.9794992538385524E-4,-0.017347863880488923,0.21052443960283101,1.5272549296058215,0.00488620473927319,0.10870830925756039,7.23275282850248,6.197120904199968,2.2605035320392197,1.16711501039146,128.0,43.08235959420972,0.8666043626704375,0.9808429118773946,3.807978577322876
2745,ID2745,ø,ø,0,664.0,122.74581145286321,483.49449862465616,0.0,8.0,8,14.565491380022044,1,ø,6215.845112781955,6199.0,5187.0,7573.0,4133537.0,345.2171899004099,5579.332330827067,5545.0,4065.0,7656.0,3710256.0,588.2107051618483,0.004986194547089358,0.17866804702402658,0.17828428560893567,2.870399076859771,0.07617537117427556,0.18367013636952617,18.237204673716683,11.994265350384469,1.3267794596325255,1.5204936810183294,666.5,97.77886041810763,0.876032210734185,0.9859467455621301,3.7874324387525635
2746,ID2746,ø,ø,0,101.0,44.942244224422446,497.7277227722772,0.0,8.0,8,5.670035141386943,1,ø,6269.28431372549,6278.0,4777.0,7908.0,639467.0,573.2069482255765,7187.64705882353,6671.0,3700.0,12433.0,733140.0,2174.3436913378187,0.007938600135456178,0.17228456278842869,0.33342094591833193,1.6531571993721736,-0.015473251581729684,-0.03815757970218841,5.950481702909144,5.5982618572983505,1.1973801652426157,1.0629159290131474,101.0,37.209559868326366,0.9166893203987649,0.9711538461538461,3.702489590032984
